<application>
  <component name="libraryTable">
    <library name="scala-sdk-2.12.6" type="Scala">
      <properties>
        <compiler-classpath>
          <root url="file://$MAVEN_REPOSITORY$/org/scala-lang/scala-compiler/2.12.6/scala-compiler-2.12.6.jar" />
          <root url="file://$MAVEN_REPOSITORY$/org/scala-lang/scala-reflect/2.12.6/scala-reflect-2.12.6.jar" />
          <root url="file://$MAVEN_REPOSITORY$/org/scala-lang/scala-library/2.12.6/scala-library-2.12.6.jar" />
        </compiler-classpath>
      </properties>
      <CLASSES>
        <root url="jar://$MAVEN_REPOSITORY$/org/scala-lang/scala-reflect/2.12.6/scala-reflect-2.12.6.jar!/" />
        <root url="jar://$MAVEN_REPOSITORY$/org/scala-lang/scala-library/2.12.6/scala-library-2.12.6.jar!/" />
      </CLASSES>
      <JAVADOC>
        <root url="https://www.scala-lang.org/api/2.12.6/" />
      </JAVADOC>
      <SOURCES />
    </library>
  </component>
</application>